Ingredientes;;;;;;
3D;;;;;;
abalone;;;;;;
acedera;;;;;;
aceite;;;;;;
aceite ahumado;;;;;;
aceite de Sacha Inchi;;;;;;
aceite de ajo y jengibre;;;;;;
aceite de almendra;;;;;;
aceite de almendra amarga;;;;;;
aceite de almendra amarga de ciruela;;;;;;
aceite de almendruco de ciruela pasa;;;;;;
aceite de argana;;;;;;
aceite de atún en conserva;;;;;;
aceite de avellana;;;;;;
aceite de avellana tostada;;;;;;
aceite de bogavante;;;;;;
aceite de cacahuete;;;;;;
aceite de cacahuete tostado;;;;;;
aceite de calabaza;;;;;;
aceite de carbón;;;;;;
aceite de cilantro;;;;;;
aceite de girasol;;;;;;
aceite de jengibre;;;;;;
aceite de maíz;;;;;;
aceite de mástic;;;;;;
aceite de nuez;;;;;;
aceite de nuez de argana;;;;;;
aceite de oliva;;;;;;
aceite de oliva virgen;;;;;;
aceite de oliva virgen extra;;;;;;
aceite de pipa de calabaza;;;;;;
aceite de pistacho;;;;;;
aceite de piña verde de pino;;;;;;
aceite de piñón;;;;;;
aceite de semilla de cilantro;;;;;;
aceite de semilla de hinojo;;;;;;
aceite de soja;;;;;;
aceite de sésamo;;;;;;
aceite de tartufo;;;;;;
aceite de tierra;;;;;;
aceite de trufa blanca;;;;;;
aceite esencial de eucalipto;;;;;;
aceite esencial de jazmín;;;;;;
aceite esencial de pino;;;;;;
aceite esencial de rosas;;;;;;
aceite virgen de almendra amarga de ciruela;;;;;;
aceite virgen de avellana tostada;;;;;;
aceite virgen de nuez tostado;;;;;;
aceituna;;;;;;
aceituna muerta de Aragón;;;;;;
aceituna negra;;;;;;
aceituna verde;;;;;;
aceituna verde manzanilla;;;;;;
acido cítrico;;;;;;
ackee;;;;;;
agua;;;;;;
agua VOSS;;;;;;
agua con gas;;;;;;
agua de azahar;;;;;;
agua de mar;;;;;;
agua de mejillón;;;;;;
agua de pepinillo en conserva;;;;;;
agua de rosas;;;;;;
aguacate;;;;;;
aguardiente de frambuesa;;;;;;
aguardiente de manzana;;;;;;
ahumado;;;;;;
ajo;;;;;;
ajo chino;;;;;;
ajo negro fermentado;;;;;;
ajo tierno;;;;;;
albahaca;;;;;;
albahaca fresca;;;;;;
albahaca limonera;;;;;;
albahaca-limón;;;;;;
albaricoque;;;;;;
albaricoque confitado;;;;;;
albariño;;;;;;
alcachofa;;;;;;
alcachofa tierna;;;;;;
alcaparra;;;;;;
alcaparra en sal;;;;;;
alcaparra en vinagre;;;;;;
alcaparrón;;;;;;
aleta de salmón;;;;;;
alga;;;;;;
alga bifurcata;;;;;;
alga carpus;;;;;;
alga codium;;;;;;
alga crispus;;;;;;
alga dulse;;;;;;
alga kombu;;;;;;
alga kombu en vinagre;;;;;;
alga lacina;;;;;;
alga laurencia;;;;;;
alga meloalga;;;;;;
alga nemallium;;;;;;
alga nodu;;;;;;
alga nori;;;;;;
alga nori seca;;;;;;
alga oboro kombu;;;;;;
alga roja;;;;;;
alga tina;;;;;;
alga uva de mar;;;;;;
alioli;;;;;;
alita de pollo;;;;;;
almeja;;;;;;
almendra;;;;;;
almendra amarga;;;;;;
almendra cristal;;;;;;
almendra cruda;;;;;;
almendra de albaricoque;;;;;;
almendra en piel;;;;;;
almendra frita;;;;;;
almendra tierna;;;;;;
almendra tostada;;;;;;
almendra verde;;;;;;
almendruco;;;;;;
alquequenje;;;;;;
alubia;;;;;;
alubia de Santa Pau;;;;;;
alubia del ganxet;;;;;;
amaranto;;;;;;
amarena;;;;;;
amaretto;;;;;;
anacardo;;;;;;
ancas de rana;;;;;;
anchoa;;;;;;
angostura;;;;;;
anguila;;;;;;
anguila ahumada;;;;;;
angula;;;;;;
anisado;;;;;;
anémona de mar;;;;;;
anís;;;;;;
anís Sambuca;;;;;;
anís estrellado;;;;;;
anís seco;;;;;;
anís verde;;;;;;
apio;;;;;;
apio-nabo;;;;;;
armañac;;;;;;
arrope;;;;;;
arrope de px;;;;;;
arroz;;;;;;
arroz frito caramelizado;;;;;;
arroz inflado;;;;;;
arroz salvaje;;;;;;
arroz venere;;;;;;
arándano;;;;;;
aspérula;;;;;;
atún;;;;;;
atún en conserva;;;;;;
atún en sorra;;;;;;
avellana;;;;;;
avellana tierna;;;;;;
avellana tostada;;;;;;
azafrán;;;;;;
azafrán tostado;;;;;;
azahar;;;;;;
azúcar;;;;;;
azúcar de caña;;;;;;
azúcar de palma;;;;;;
azúcar demerara;;;;;;
azúcar efervescente;;;;;;
azúcar en roca integral;;;;;;
azúcar mascabado;;;;;;
azúcar moreno;;;;;;
bacalao;;;;;;
bacalao salado;;;;;;
bacon;;;;;;
bacon ahumado;;;;;;
baileys;;;;;;
bambú;;;;;;
barbada;;;;;;
baya de enebro;;;;;;
baya de saúco;;;;;;
bazo de sepia;;;;;;
becada;;;;;;
berberecho;;;;;;
berenjena;;;;;;
bergamota;;;;;;
berro;;;;;;
bizcocho;;;;;;
bizcocho de pistacho;;;;;;
bogavante;;;;;;
bolas de ciprés verde;;;;;;
bombón;;;;;;
boniato;;;;;;
bonito;;;;;;
bonito seco;;;;;;
boquerón;;;;;;
borraja;;;;;;
botarga;;;;;;
bourbon;;;;;;
brandy;;;;;;
bressanne;;;;;;
brick;;;;;;
brie;;;;;;
brioche;;;;;;
bronce;;;;;;
brote de coliflor;;;;;;
brote de soja;;;;;;
buey de mar;;;;;;
bulbo de hinojo;;;;;;
butifarra negra;;;;;;
bígaros;;;;;;
caballa;;;;;;
cabeza de ternera;;;;;;
cabrito;;;;;;
cacahuete;;;;;;
cacahuete germinado;;;;;;
cacahuete tostado;;;;;;
cacao;;;;;;
cachaça;;;;;;
cactus echevaría;;;;;;
cactus kalanchoe;;;;;;
cactus maji;;;;;;
café;;;;;;
café soluble;;;;;;
café tostado en  grano;;;;;;
cajú;;;;;;
calabacín;;;;;;
calabacín en flor;;;;;;
calabaza;;;;;;
calabaza cabello de ángel;;;;;;
calamar;;;;;;
calamondín;;;;;;
caldo de ave y ternera;;;;;;
caldo de carne y ave;;;;;;
caldo de dorada;;;;;;
caldo de gambas;;;;;;
caldo de pollo;;;;;;
caldo de verdura;;;;;;
callos;;;;;;
calvados;;;;;;
calçots;;;;;;
camarón;;;;;;
campari;;;;;;
canela;;;;;;
canela isomalt;;;;;;
caneton;;;;;;
cangrejo;;;;;;
cangrejo de río;;;;;;
capullo de Margarita;;;;;;
capullo de hemerocallis;;;;;;
capullo de margarita en vinagre;;;;;;
caqui;;;;;;
caracol;;;;;;
caracolines;;;;;;
caramelo;;;;;;
caramelo Fisherman's Friend;;;;;;
caramelo Halls;;;;;;
caramelo balsámico;;;;;;
caramelo japonés;;;;;;
caramelo líquido;;;;;;
caramelo oscuro;;;;;;
carbón;;;;;;
carbón de azúcar;;;;;;
cardamomo;;;;;;
cardamomo negro;;;;;;
cardamomo verde;;;;;;
carissa;;;;;;
carrillera de conejo;;;;;;
carrillera de cordero;;;;;;
carrillera de rapet;;;;;;
cartílago de pollo;;;;;;
castaña;;;;;;
castaña en almíbar;;;;;;
castañuela de cerdo ibérico;;;;;;
cava;;;;;;
caviar;;;;;;
caviar de esturión;;;;;;
caviar osietra;;;;;;
caña de azúcar;;;;;;
cañaillas;;;;;;
cebolla;;;;;;
cebolla morada;;;;;;
cebolla tierna;;;;;;
cebollino;;;;;;
cebollino fresco;;;;;;
cebollita;;;;;;
cebollita platillo;;;;;;
cebollita tierna;;;;;;
centolla;;;;;;
cep;;;;;;
cerdo;;;;;;
cerdo ibérico;;;;;;
cereza;;;;;;
cerveza;;;;;;
cerveza negra;;;;;;
chalota;;;;;;
champaña;;;;;;
champiñón;;;;;;
chicharrón;;;;;;
chicoria;;;;;;
chile;;;;;;
chili rojo;;;;;;
chipirón;;;;;;
chips de verdura;;;;;;
chirimoya;;;;;;
chirla;;;;;;
chocolate;;;;;;
chocolate 99%;;;;;;
chocolate blanco;;;;;;
chocolate con leche;;;;;;
chocolate negro;;;;;;
chuen kai;;;;;;
chufa;;;;;;
chutney de albaricoque;;;;;;
cidra;;;;;;
cidra-poma;;;;;;
cidronela;;;;;;
cigala;;;;;;
cigalitas;;;;;;
cigarra de mar;;;;;;
cilantro;;;;;;
cilantro en grano;;;;;;
cinco pimientas;;;;;;
ciruela;;;;;;
ciruela morada;;;;;;
ciruela pasa;;;;;;
citronela;;;;;;
clara de huevo;;;;;;
clara de huevo en polvo;;;;;;
clavo;;;;;;
co2;;;;;;
coca de pan;;;;;;
coco;;;;;;
coco en polvo;;;;;;
coco fresco;;;;;;
coco fresco tierno;;;;;;
coco seco;;;;;;
codorniz;;;;;;
cogollo de ficoide glaciale;;;;;;
cointreau;;;;;;
col;;;;;;
col china;;;;;;
col lombarda;;;;;;
col roja;;;;;;
coliflor;;;;;;
colmenilla china;;;;;;
comino;;;;;;
concentrado de fresa;;;;;;
conejo;;;;;;
conejo de monte;;;;;;
consomé;;;;;;
consomé de ave y ternera;;;;;;
consomé de liebre;;;;;;
copos de maíz;;;;;;
coquina;;;;;;
coral de bogavante;;;;;;
cordero;;;;;;
cordifole;;;;;;
corteza de cerdo;;;;;;
corteza de pan;;;;;;
costilla de cabrito;;;;;;
costilla de liebre;;;;;;
costillar de cerdo ibérico;;;;;;
costillita de conejo;;;;;;
coñac;;;;;;
crema catalana;;;;;;
crema doble;;;;;;
crema pastelera;;;;;;
cresta de gallo;;;;;;
croissant;;;;;;
cuajada;;;;;;
cuajada de leche de oveja;;;;;;
cuitlacoche en conserva;;;;;;
curaçao;;;;;;
curry;;;;;;
curry de Madrás;;;;;;
curry rojo;;;;;;
cuscús de cebada verde;;;;;;
cáscara de pistacho verde;;;;;;
cítricos;;;;;;
dashi;;;;;;
diente de león;;;;;;
diente de león silvestre;;;;;;
dorada;;;;;;
dátil;;;;;;
efervescente Gallefi;;;;;;
endivia;;;;;;
enebro;;;;;;
eneldo;;;;;;
enoki;;;;;;
ensaladas;;;;;;
entrecôte de ternera;;;;;;
erizo;;;;;;
erizo de mar;;;;;;
escabeche;;;;;;
escabeche de mejillón en conserva;;;;;;
escarola;;;;;;
escupiña;;;;;;
escórpora;;;;;;
esencia de almendra amarga;;;;;;
esencia de azahar;;;;;;
esencia de cigala;;;;;;
esencia de jazmín;;;;;;
esencia de mástic;;;;;;
esencia de naranja;;;;;;
esencia de rosas;;;;;;
espaguetis de kuzu;;;;;;
espalda curada de cerdo ibérico;;;;;;
espardenya;;;;;;
especias;;;;;;
especias Córdoba fatéma Hal;;;;;;
especias Córdoba fatéma hal;;;;;;
especias Imilchil fatéma Hal;;;;;;
especias Jamaa el Fna fatéma Hal;;;;;;
especias Ouarzazate;;;;;;
especias Ouarzazate fatéma Hal;;;;;;
especias Ras el Hanout;;;;;;
especias Ras el Hanout fatéma Hal;;;;;;
espinaca;;;;;;
espárrago;;;;;;
espárrago blanco;;;;;;
espárrago silvestre;;;;;;
espárrago triguero;;;;;;
espárrago verde;;;;;;
espárrago verde espigado;;;;;;
espárrago verde silvestre;;;;;;
espéculo;;;;;;
estebia;;;;;;
esternón de pollo;;;;;;
estragón;;;;;;
estragón fresco;;;;;;
eucalipto;;;;;;
falso tartufo;;;;;;
farsa de foie-gras de pato;;;;;;
fatéma hal;;;;;;
feuillantine;;;;;;
ficoide glaciale;;;;;;
fideo cabello de ángel;;;;;;
fideo de soja;;;;;;
fingerlime;;;;;;
fingersalt;;;;;;
flor;;;;;;
flor de acacia;;;;;;
flor de agastache albaricoque;;;;;;
flor de ajo;;;;;;
flor de ajo silvestre;;;;;;
flor de albahaca;;;;;;
flor de albahaca morada;;;;;;
flor de almendro;;;;;;
flor de apio;;;;;;
flor de begonia;;;;;;
flor de begonia blanca;;;;;;
flor de bergamota;;;;;;
flor de blue ocean;;;;;;
flor de borraja;;;;;;
flor de brécol;;;;;;
flor de cabeza de dragón;;;;;;
flor de calabacín;;;;;;
flor de capuchina;;;;;;
flor de clavel ideal;;;;;;
flor de geranio limón;;;;;;
flor de guisante;;;;;;
flor de haba;;;;;;
flor de hibisco;;;;;;
flor de hierba luisa;;;;;;
flor de hinojo;;;;;;
flor de hinojo fresco;;;;;;
flor de hisopo;;;;;;
flor de jazmín;;;;;;
flor de loto;;;;;;
flor de madreselva;;;;;;
flor de mandarina;;;;;;
flor de mandarino;;;;;;
flor de menta piperita;;;;;;
flor de microtagete;;;;;;
flor de mimosa;;;;;;
flor de osmanthus;;;;;;
flor de retama;;;;;;
flor de romero;;;;;;
flor de sal;;;;;;
flor de salvia;;;;;;
flor de salvia piña;;;;;;
flor de saúco;;;;;;
flor de tagete;;;;;;
flor de tomate;;;;;;
flor de tomillo;;;;;;
flor de violeta;;;;;;
flor de violeta blanca;;;;;;
flor de: romero, tagete, begonia, pensamiento, agastache albaricoque, aliso, rúcula, salvia, borraja, clavel ideal, salvia cassís, albahaca morada y sechuan button;;;;;;
flor fresca de borraja;;;;;;
flor fresca de miniclavel;;;;;;
foie-gras de pato;;;;;;
fondant;;;;;;
fondo de cabrito;;;;;;
fondo de caneton;;;;;;
fondo de carne;;;;;;
fondo de conejo;;;;;;
fondo de cordero;;;;;;
fondo de pato;;;;;;
fondo de ternera;;;;;;
fondo de tórtola;;;;;;
frambuesa;;;;;;
frambuesa liofilizada;;;;;;
fresa;;;;;;
fresa blanca;;;;;;
fresa de bosque;;;;;;
fresita;;;;;;
fresita de bosque;;;;;;
fruta;;;;;;
fruta de la pasión;;;;;;
fruta de la pasión liofilizada;;;;;;
fruta de verano;;;;;;
fruto rojo;;;;;;
fruto seco;;;;;;
fruto tierno de ciprés;;;;;;
fécula de patata;;;;;;
galanga;;;;;;
galleta Oreo;;;;;;
gamba;;;;;;
gamba roja;;;;;;
gambas;;;;;;
gambita;;;;;;
garbanzo;;;;;;
gaseosa en polvo;;;;;;
gengibre escarchado;;;;;;
germinado borraja;;;;;;
germinado de albahaca;;;;;;
germinado de amaranto;;;;;;
germinado de borraja;;;;;;
germinado de cilantro;;;;;;
germinado de col lombarda;;;;;;
germinado de guisante;;;;;;
germinado de perifollo;;;;;;
germinado de pino;;;;;;
germinado de remolacha;;;;;;
germinado de rábano;;;;;;
germinado de rúcula;;;;;;
germinado de shiso morado;;;;;;
germinado de soja;;;;;;
gianduja;;;;;;
ginebra;;;;;;
ginebra Hendrick’s;;;;;;
glucosa;;;;;;
glutamato monosódico;;;;;;
gorgonzola;;;;;;
granada;;;;;;
granadilla;;;;;;
grand marnier;;;;;;
grappa;;;;;;
grasa de foie-gras de pato;;;;;;
grasa de jamón;;;;;;
grasa de jamón ibérico;;;;;;
grasa de parmesano;;;;;;
grasa de pato;;;;;;
grosella;;;;;;
grosella blanca;;;;;;
grosella negra;;;;;;
grosella roja;;;;;;
gruyère;;;;;;
guanábana;;;;;;
guindilla;;;;;;
guisante;;;;;;
guisante frito sabor wasabi;;;;;;
haba tierna;;;;;;
haba tonka;;;;;;
habita;;;;;;
habita tierna;;;;;;
harina;;;;;;
harina de almendra;;;;;;
harina de arroz glutinoso;;;;;;
harina de malta;;;;;;
harina de maíz;;;;;;
harina de trigo;;;;;;
hibisco;;;;;;
hierba de los canónigos;;;;;;
hierba luisa;;;;;;
hierba luisa fresca;;;;;;
hierbabuena;;;;;;
hierbas aromáticas;;;;;;
hierbas frescas;;;;;;
hierbas frescas aromáticas;;;;;;
higado de rape;;;;;;
higo;;;;;;
higo chumbo;;;;;;
higo coll de dama;;;;;;
higo pequeño;;;;;;
hinojo;;;;;;
hinojo fresco;;;;;;
hinojo marino;;;;;;
hoja de begonia;;;;;;
hoja de capuchina;;;;;;
hoja de lima kaffir;;;;;;
hoja de melocotón;;;;;;
hoja de ostra;;;;;;
hoja de sechuan button;;;;;;
hoja de tomatera;;;;;;
hoja tierna de eucalipto;;;;;;
hojaldre;;;;;;
holoturia;;;;;;
horchata;;;;;;
hueva de atún;;;;;;
hueva de bogavante;;;;;;
hueva de caracol;;;;;;
hueva de cigala;;;;;;
hueva de kalix;;;;;;
hueva de kálix;;;;;;
hueva de lenguado;;;;;;
hueva de mújol;;;;;;
hueva de salmón;;;;;;
hueva de sepia;;;;;;
hueva de trucha;;;;;;
huevo;;;;;;
huevo de caracol;;;;;;
huevo de codorniz;;;;;;
huevo entero;;;;;;
humo;;;;;;
hígado de cabrito;;;;;;
hígado de conejo;;;;;;
hígado de liebre;;;;;;
hígado de rape;;;;;;
hígado de sardina;;;;;;
interior germinado de maíz;;;;;;
isomalt;;;;;;
jamón;;;;;;
jamón ahumado;;;;;;
jamón ibérico;;;;;;
jamón ibérico cocido;;;;;;
jarabe;;;;;;
jarabe ahumado;;;;;;
jarabe de granada;;;;;;
jarabe de tierra;;;;;;
jazmín;;;;;;
jengibre;;;;;;
jengibre confitado;;;;;;
jengibre glaseado;;;;;;
jengibre rosa;;;;;;
jerez;;;;;;
judía blanca;;;;;;
judía de Santa Pau;;;;;;
judía de mar;;;;;;
judía verde;;;;;;
jugo de becada;;;;;;
jugo de cabrito;;;;;;
jugo de carne;;;;;;
jugo de cerdo;;;;;;
jugo de conejo;;;;;;
jugo de cordero;;;;;;
jugo de lamprea;;;;;;
jugo de liebre;;;;;;
jugo de paloma;;;;;;
jugo de paloma torcaz;;;;;;
jugo de pato;;;;;;
jugo de pollo;;;;;;
jugo de ternera;;;;;;
jugo de tordo;;;;;;
jugo de trufa;;;;;;
jugo de trufa negra;;;;;;
jugo de tórtola;;;;;;
jurel;;;;;;
kadaif;;;;;;
katsuobushi;;;;;;
keffir;;;;;;
kikurage;;;;;;
kirsch;;;;;;
kiwano;;;;;;
kokotxas de llucet;;;;;;
kokotxas de merluza;;;;;;
koyadofu;;;;;;
kumquat;;;;;;
kuzu;;;;;;
lacón;;;;;;
langosta;;;;;;
langostino;;;;;;
lapas;;;;;;
lardo curado de cerdo ibérico;;;;;;
laurel;;;;;;
laurel seco;;;;;;
lavanda;;;;;;
leche;;;;;;
leche condensada;;;;;;
leche de almendra tostada;;;;;;
leche de cabra;;;;;;
leche de coco;;;;;;
leche de oveja;;;;;;
leche en polvo;;;;;;
leche evaporada;;;;;;
leche fermentada;;;;;;
leche quemada;;;;;;
leche quemada de oveja;;;;;;
lechecilla de caballa;;;;;;
lechuga;;;;;;
lechuga de mar;;;;;;
lengua de conejo;;;;;;
lengua de cordero;;;;;;
lengua de pato;;;;;;
lengua de ternera;;;;;;
lenguado;;;;;;
lenteja;;;;;;
levadura;;;;;;
lichi;;;;;;
lichi en conserva;;;;;;
licor de anís;;;;;;
licor de arándano;;;;;;
licor de café;;;;;;
licor de frambuesa;;;;;;
licor de mandarina;;;;;;
licor de manzana;;;;;;
licor de melocotón;;;;;;
licor de mora;;;;;;
licor de pera;;;;;;
liebre;;;;;;
lima;;;;;;
lima aguacate;;;;;;
lima kaffir;;;;;;
limquat;;;;;;
limón;;;;;;
limón sanguino;;;;;;
limón verde;;;;;;
llenega;;;;;;
llengüeta;;;;;;
llucets;;;;;;
lluenta;;;;;;
lomo de conejo;;;;;;
lomo de cordero;;;;;;
longan;;;;;;
longueirón;;;;;;
lorito;;;;;;
lubina;;;;;;
lulo;;;;;;
macarrón;;;;;;
macarrón de harina de arroz;;;;;;
madera de barrica de whiskey tipo Tennessee;;;;;;
magdalena;;;;;;
maizena;;;;;;
maken thai;;;;;;
maltodextrina;;;;;;
mandarina;;;;;;
mandarina verde;;;;;;
mango;;;;;;
mangostán;;;;;;
manitol;;;;;;
mano de buda;;;;;;
manteca de cacao;;;;;;
manteca de cerdo;;;;;;
mantequilla;;;;;;
mantequilla avellana;;;;;;
mantequilla noisette;;;;;;
manzana;;;;;;
manzana Golden;;;;;;
manzana Granny Smith;;;;;;
manzana Red Starking;;;;;;
manzana verde;;;;;;
manzana ácida;;;;;;
manzanilla;;;;;;
manzanilla de Sanlúcar;;;;;;
manzanilla seca;;;;;;
marrasquino;;;;;;
martini;;;;;;
martini extra dry;;;;;;
martini seco;;;;;;
masa bretona;;;;;;
masa de barquillo;;;;;;
masa de bizcocho;;;;;;
masa de dentelle;;;;;;
masa de dentelle de chocolate;;;;;;
masa de pan;;;;;;
masa de pizza;;;;;;
masa de teja;;;;;;
masa de teja de cacao;;;;;;
masa de teja de frambuesa;;;;;;
masa kadaif;;;;;;
mascarpone;;;;;;
mató;;;;;;
mayonesa;;;;;;
mazorca de maíz cocido;;;;;;
maíz;;;;;;
maíz cocido;;;;;;
maíz cocido en conserva;;;;;;
maíz en conserva;;;;;;
maíz frito;;;;;;
maíz liofilizado;;;;;;
maíz morado;;;;;;
maíz tierno;;;;;;
mejillón;;;;;;
mejillón de roca;;;;;;
melisa;;;;;;
melocotón;;;;;;
melocotón blanco;;;;;;
melocotón de viña;;;;;;
melocotón rojo;;;;;;
melocotón tierno;;;;;;
melón;;;;;;
melón Cantaloupe;;;;;;
melón cantaloupe;;;;;;
melón de Canteloup;;;;;;
melón del país;;;;;;
menta;;;;;;
menta chocolatera;;;;;;
menta fresca;;;;;;
menta piperita;;;;;;
menta pippermint;;;;;;
mentaiko;;;;;;
mentol;;;;;;
menudillos de conejo;;;;;;
merengue;;;;;;
merengue italiano;;;;;;
merluza;;;;;;
mezcla de especias indias;;;;;;
mezcla de hierbas estomacales;;;;;;
miel;;;;;;
miel de abeto;;;;;;
miel de diente de león;;;;;;
miel de girasol;;;;;;
miel de madroño;;;;;;
miel de piña de abeto;;;;;;
miel de romero;;;;;;
miel de romero ahumada;;;;;;
miel deshidratada granulada;;;;;;
minialcachofa;;;;;;
minicalabacín;;;;;;
minicalabacín en flor;;;;;;
minicamarón;;;;;;
minicodorniz;;;;;;
miniendivia;;;;;;
miniensaladas;;;;;;
miniespárrago  verde;;;;;;
minihinojo;;;;;;
minimandarina;;;;;;
minimazorca;;;;;;
minimazorca de maíz;;;;;;
minipatata;;;;;;
minipepino en flor;;;;;;
minipescados;;;;;;
minizanahoria;;;;;;
mirin;;;;;;
miso;;;;;;
miso amarillo;;;;;;
miso blanco;;;;;;
miso negro;;;;;;
miso rojo;;;;;;
mojama;;;;;;
mole rojo;;;;;;
molleja de cabrito;;;;;;
molleja de conejo;;;;;;
molleja de ternera;;;;;;
mora;;;;;;
mora silvestre;;;;;;
morilla;;;;;;
morralet;;;;;;
morro de cerdo;;;;;;
moscatel;;;;;;
moscatel dulce;;;;;;
mostaza;;;;;;
mostaza antigua;;;;;;
mostaza de Dijon;;;;;;
mostaza en grano;;;;;;
mostaza en polvo;;;;;;
mostaza tradicional;;;;;;
mozzarella;;;;;;
mozzarella de búfala;;;;;;
mozzarella fresca;;;;;;
muslitos de codorniz;;;;;;
mástic;;;;;;
médula de atún;;;;;;
médula de salmón;;;;;;
médula de ternera;;;;;;
móllera;;;;;;
nabo;;;;;;
nabo daikon;;;;;;
naranja;;;;;;
naranja amarga;;;;;;
naranja confitada;;;;;;
naranja rallada;;;;;;
naranja sanguina;;;;;;
naranja verde;;;;;;
nardo;;;;;;
nata;;;;;;
nata de leche de oveja;;;;;;
nato;;;;;;
nato tostado;;;;;;
navajas;;;;;;
nectarina;;;;;;
negrito;;;;;;
nibs;;;;;;
nibs de cacao;;;;;;
nopal;;;;;;
nuez;;;;;;
nuez de Brasil;;;;;;
nuez de macadamia;;;;;;
nuez frita;;;;;;
nuez moscada;;;;;;
nuez tierna;;;;;;
nuez tostada;;;;;;
nyora;;;;;;
nécora;;;;;;
níscalo;;;;;;
oblea de arroz;;;;;;
obulato;;;;;;
oporto;;;;;;
oreja de cerdo;;;;;;
oreja de conejo;;;;;;
orejón;;;;;;
orejón de albaricoque;;;;;;
oro;;;;;;
oronja;;;;;;
orujo de hierbas;;;;;;
orégano;;;;;;
orégano fresco;;;;;;
orégano seco;;;;;;
ostra;;;;;;
pa-ha;;;;;;
pacharán;;;;;;
pajel;;;;;;
paloma torcaz;;;;;;
palomita;;;;;;
palomitas;;;;;;
pan;;;;;;
pan chino;;;;;;
pan de coca;;;;;;
pan de especias;;;;;;
pan de especias con miel;;;;;;
pan de gamba;;;;;;
pan de hogaza;;;;;;
pan rallado;;;;;;
panceta;;;;;;
panceta a la pimienta;;;;;;
panceta cruda;;;;;;
panceta cruda de cerdo;;;;;;
panceta curada;;;;;;
panceta curada a la pimienta;;;;;;
panceta fresca;;;;;;
panceta fresca de tocino ibérico;;;;;;
panceta ibérica;;;;;;
panceta ibérica ahumada;;;;;;
panceta ibérica entreverada ahumada;;;;;;
panceta ibérica salada;;;;;;
pandang;;;;;;
papada ibérica adobada al pimentón;;;;;;
papel de arroz;;;;;;
parmesano;;;;;;
pasas de Corinto;;;;;;
pasote;;;;;;
pasta brick;;;;;;
pasta choux;;;;;;
pasta de cacao;;;;;;
pasta de curry amarillo;;;;;;
pasta de curry rojo;;;;;;
pasta de gamba;;;;;;
pasta de guaba;;;;;;
pasta de guirlache;;;;;;
pasta de sésamo blanco;;;;;;
pasta de sésamo negro;;;;;;
pasta de tamarindo;;;;;;
pasta fresca;;;;;;
pasta fresca de levadura;;;;;;
pasta fresca de malta;;;;;;
pasta fresca de trigo;;;;;;
pasta philo;;;;;;
pasta sablée;;;;;;
pata de gamba;;;;;;
pata de pollo;;;;;;
patata;;;;;;
pato;;;;;;
pato azulón;;;;;;
pechuga de paloma torcaz;;;;;;
peladillas de piñón;;;;;;
pelaya;;;;;;
pepinillo en vinagre;;;;;;
pepino;;;;;;
pepino en flor;;;;;;
pera;;;;;;
percebe;;;;;;
perdiz;;;;;;
perejil;;;;;;
perifollo;;;;;;
perifollo fresco;;;;;;
perrechico;;;;;;
pescado;;;;;;
petazetas;;;;;;
pez músico;;;;;;
pichón;;;;;;
pie de cerdo;;;;;;
pie de cordero;;;;;;
pie de ternera;;;;;;
piel de anguila ahumada;;;;;;
piel de avellana;;;;;;
piel de avellana tostada;;;;;;
piel de bacalao salado;;;;;;
piel de cítricos;;;;;;
piel de espardenya;;;;;;
piel de kuzu;;;;;;
piel de lenguado;;;;;;
piel de lima;;;;;;
piel de limón;;;;;;
piel de limón semiconfitada;;;;;;
piel de mandarina;;;;;;
piel de naranja;;;;;;
piel de naranja confitada;;;;;;
piel de naranja semiconfitada;;;;;;
piel de pato;;;;;;
piel de pollo;;;;;;
piel de yuzu;;;;;;
piel de yuzu deshidratada;;;;;;
pimenta negra;;;;;;
pimentón;;;;;;
pimentón ahumado;;;;;;
pimentón dulce;;;;;;
pimentón dulce en polvo;;;;;;
pimienta;;;;;;
pimienta blanca;;;;;;
pimienta de Jamaica;;;;;;
pimienta de Sechuán;;;;;;
pimienta de Tasmania;;;;;;
pimienta negra;;;;;;
pimienta negra recién molida;;;;;;
pimienta rosa;;;;;;
pimiento;;;;;;
pimiento de Gernika;;;;;;
pimiento de Padrón;;;;;;
pimiento del Padrón;;;;;;
pimiento del piquillo;;;;;;
pimiento del piquillo en conserva;;;;;;
pimiento rojo;;;;;;
pimiento verde;;;;;;
pinza de bogavante;;;;;;
pipa de calabaza;;;;;;
pipa de girasol;;;;;;
pipermint;;;;;;
pisco;;;;;;
pistacho;;;;;;
pistacho  tostado;;;;;;
pistacho tierno;;;;;;
pistacho tostado;;;;;;
pistacho verde;;;;;;
pistacho verde seco;;;;;;
pistilo de minicalabaza;;;;;;
pitahaya blanca;;;;;;
piña;;;;;;
piña de pino;;;;;;
piña liofilizada;;;;;;
piña verde de pino;;;;;;
piñón;;;;;;
piñón crudo;;;;;;
piñón frito;;;;;;
piñón repelado;;;;;;
piñón seco;;;;;;
piñón silvestre;;;;;;
piñón tierno;;;;;;
piñón tostado;;;;;;
plata;;;;;;
plátano;;;;;;
polenta;;;;;;
polenta de maíz;;;;;;
pollo;;;;;;
polvo de almendra;;;;;;
polvo de tomate;;;;;;
polvo de yogur;;;;;;
pomelo;;;;;;
pomelo blanco;;;;;;
pomelo gigante;;;;;;
pomelo rosa;;;;;;
pomelo thai;;;;;;
pomelo vietnamita;;;;;;
praliné;;;;;;
praliné de avellana;;;;;;
puerro;;;;;;
pularda;;;;;;
pulpa de cacao;;;;;;
pulpa de melocotón blanco;;;;;;
pulpa de melocotón de viña;;;;;;
pulpito;;;;;;
pulpo;;;;;;
px;;;;;;
px 30 años;;;;;;
px Alvear;;;;;;
px añejo;;;;;;
queso Idiazábal;;;;;;
queso Idiazábal ahumado;;;;;;
queso Oaxaca;;;;;;
queso Philadelphia;;;;;;
queso Reypenaer;;;;;;
queso cañarejal;;;;;;
queso cremoso;;;;;;
queso de cabra;;;;;;
queso de oveja;;;;;;
queso fresco;;;;;;
queso gorgonzola;;;;;;
queso munster;;;;;;
quinoa;;;;;;
quinoa germinada;;;;;;
quinoa inflada;;;;;;
rabo de cochinillo;;;;;;
rabo de cordero;;;;;;
raifort;;;;;;